price,area,bedrooms,bathrooms,stories,mainroad,guestroom,basement,hotwaterheating,airconditioning,parking,prefarea,furnishingstatus,location
13300000,7420,4,2,3,yes,no,no,no,yes,2,yes,furnished,Bhilai
12250000,8960,4,4,4,yes,no,no,no,yes,3,no,furnished,Durg
12250000,9960,3,2,2,yes,no,yes,no,no,2,yes,semi-furnished,Rajanandgaon
12215000,7500,4,2,2,yes,no,yes,no,yes,3,yes,furnished,Raipur
11410000,7420,4,1,2,yes,yes,yes,no,yes,2,no,furnished,Bilaspur
10850000,7500,3,3,1,yes,no,yes,no,yes,2,yes,semi-furnished,Kawardha
10150000,8580,4,3,4,yes,no,no,no,yes,2,yes,semi-furnished,Mungeli
10150000,16200,5,3,2,yes,no,no,no,no,0,no,unfurnished,Bhilai
9870000,8100,4,1,2,yes,yes,yes,no,yes,2,yes,furnished,Durg
9800000,5750,3,2,4,yes,yes,no,no,yes,1,yes,unfurnished,Rajanandgaon
9800000,13200,3,1,2,yes,no,yes,no,yes,2,yes,furnished,Raipur
9681000,6000,4,3,2,yes,yes,yes,yes,no,2,no,semi-furnished,Bilaspur
9310000,6550,4,2,2,yes,no,no,no,yes,1,yes,semi-furnished,Kawardha
9240000,3500,4,2,2,yes,no,no,yes,no,2,no,furnished,Mungeli
9240000,7800,3,2,2,yes,no,no,no,no,0,yes,semi-furnished,Bhilai
9100000,6000,4,1,2,yes,no,yes,no,no,2,no,semi-furnished,Durg
9100000,6600,4,2,2,yes,yes,yes,no,yes,1,yes,unfurnished,Rajanandgaon
8960000,8500,3,2,4,yes,no,no,no,yes,2,no,furnished,Raipur
8890000,4600,3,2,2,yes,yes,no,no,yes,2,no,furnished,Bilaspur
8855000,6420,3,2,2,yes,no,no,no,yes,1,yes,semi-furnished,Kawardha
8750000,4320,3,1,2,yes,no,yes,yes,no,2,no,semi-furnished,Mungeli
8680000,7155,3,2,1,yes,yes,yes,no,yes,2,no,unfurnished,Bhilai
8645000,8050,3,1,1,yes,yes,yes,no,yes,1,no,furnished,Durg
8645000,4560,3,2,2,yes,yes,yes,no,yes,1,no,furnished,Rajanandgaon
8575000,8800,3,2,2,yes,no,no,no,yes,2,no,furnished,Raipur
8540000,6540,4,2,2,yes,yes,yes,no,yes,2,yes,furnished,Bilaspur
8463000,6000,3,2,4,yes,yes,yes,no,yes,0,yes,semi-furnished,Kawardha
8400000,8875,3,1,1,yes,no,no,no,no,1,no,semi-furnished,Mungeli
8400000,7950,5,2,2,yes,no,yes,yes,no,2,no,unfurnished,Bhilai
8400000,5500,4,2,2,yes,no,yes,no,yes,1,yes,semi-furnished,Durg
8400000,7475,3,2,4,yes,no,no,no,yes,2,no,unfurnished,Rajanandgaon
8400000,7000,3,1,4,yes,no,no,no,yes,2,no,semi-furnished,Raipur
8295000,4880,4,2,2,yes,no,no,no,yes,1,yes,furnished,Bilaspur
8190000,5960,3,3,2,yes,yes,yes,no,no,1,no,unfurnished,Kawardha
8120000,6840,5,1,2,yes,yes,yes,no,yes,1,no,furnished,Mungeli
8080940,7000,3,2,4,yes,no,no,no,yes,2,no,furnished,Bhilai
8043000,7482,3,2,3,yes,no,no,yes,no,1,yes,furnished,Durg
7980000,9000,4,2,4,yes,no,no,no,yes,2,no,furnished,Rajanandgaon
7962500,6000,3,1,4,yes,yes,no,no,yes,2,no,unfurnished,Raipur
7910000,6000,4,2,4,yes,no,no,no,yes,1,no,semi-furnished,Bilaspur
7875000,6550,3,1,2,yes,no,yes,no,yes,0,yes,furnished,Kawardha
7840000,6360,3,2,4,yes,no,no,no,yes,0,yes,furnished,Mungeli
7700000,6480,3,2,4,yes,no,no,no,yes,2,no,unfurnished,Bhilai
7700000,6000,4,2,4,yes,no,no,no,no,2,no,semi-furnished,Durg
7560000,6000,4,2,4,yes,no,no,no,yes,1,no,furnished,Rajanandgaon
7560000,6000,3,2,3,yes,no,no,no,yes,0,no,semi-furnished,Raipur
7525000,6000,3,2,4,yes,no,no,no,yes,1,no,furnished,Bilaspur
7490000,6600,3,1,4,yes,no,no,no,yes,3,yes,furnished,Kawardha
7455000,4300,3,2,2,yes,no,yes,no,no,1,no,unfurnished,Mungeli
7420000,7440,3,2,1,yes,yes,yes,no,yes,0,yes,semi-furnished,Bhilai
7420000,7440,3,2,4,yes,no,no,no,no,1,yes,unfurnished,Durg
7420000,6325,3,1,4,yes,no,no,no,yes,1,no,unfurnished,Rajanandgaon
7350000,6000,4,2,4,yes,yes,no,no,yes,1,no,furnished,Raipur
7350000,5150,3,2,4,yes,no,no,no,yes,2,no,semi-furnished,Bilaspur
7350000,6000,3,2,2,yes,yes,no,no,yes,1,no,semi-furnished,Kawardha
7350000,6000,3,1,2,yes,no,no,no,yes,1,no,unfurnished,Mungeli
7343000,11440,4,1,2,yes,no,yes,no,no,1,yes,semi-furnished,Bhilai
7245000,9000,4,2,4,yes,yes,no,no,yes,1,yes,furnished,Durg
7210000,7680,4,2,4,yes,yes,no,no,yes,1,no,semi-furnished,Rajanandgaon
7210000,6000,3,2,4,yes,yes,no,no,yes,1,no,furnished,Raipur
7140000,6000,3,2,2,yes,yes,no,no,no,1,no,semi-furnished,Bilaspur
7070000,8880,2,1,1,yes,no,no,no,yes,1,no,semi-furnished,Kawardha
7070000,6240,4,2,2,yes,no,no,no,yes,1,no,furnished,Mungeli
7035000,6360,4,2,3,yes,no,no,no,yes,2,yes,furnished,Bhilai
7000000,11175,3,1,1,yes,no,yes,no,yes,1,yes,furnished,Durg
6930000,8880,3,2,2,yes,no,yes,no,yes,1,no,furnished,Rajanandgaon
6930000,13200,2,1,1,yes,no,yes,yes,no,1,no,furnished,Raipur
6895000,7700,3,2,1,yes,no,no,no,no,2,no,unfurnished,Bilaspur
6860000,6000,3,1,1,yes,no,no,no,yes,1,no,furnished,Kawardha
6790000,12090,4,2,2,yes,no,no,no,no,2,yes,furnished,Mungeli
6790000,4000,3,2,2,yes,no,yes,no,yes,0,yes,semi-furnished,Bhilai
6755000,6000,4,2,4,yes,no,no,no,yes,0,no,unfurnished,Durg
6720000,5020,3,1,4,yes,no,no,no,yes,0,yes,unfurnished,Rajanandgaon
6685000,6600,2,2,4,yes,no,yes,no,no,0,yes,furnished,Raipur
6650000,4040,3,1,2,yes,no,yes,yes,no,1,no,furnished,Bilaspur
6650000,4260,4,2,2,yes,no,no,yes,no,0,no,semi-furnished,Kawardha
6650000,6420,3,2,3,yes,no,no,no,yes,0,yes,furnished,Mungeli
6650000,6500,3,2,3,yes,no,no,no,yes,0,yes,furnished,Bhilai
6650000,5700,3,1,1,yes,yes,yes,no,yes,2,yes,furnished,Durg
6650000,6000,3,2,3,yes,yes,no,no,yes,0,no,furnished,Rajanandgaon
6629000,6000,3,1,2,yes,no,no,yes,no,1,yes,semi-furnished,Raipur
6615000,4000,3,2,2,yes,no,yes,no,yes,1,no,semi-furnished,Bilaspur
6615000,10500,3,2,1,yes,no,yes,no,yes,1,yes,furnished,Kawardha
6580000,6000,3,2,4,yes,no,no,no,yes,0,no,semi-furnished,Mungeli
6510000,3760,3,1,2,yes,no,no,yes,no,2,no,semi-furnished,Bhilai
6510000,8250,3,2,3,yes,no,no,no,yes,0,no,furnished,Durg
6510000,6670,3,1,3,yes,no,yes,no,no,0,yes,unfurnished,Rajanandgaon
6475000,3960,3,1,1,yes,no,yes,no,no,2,no,semi-furnished,Raipur
6475000,7410,3,1,1,yes,yes,yes,no,yes,2,yes,unfurnished,Bilaspur
6440000,8580,5,3,2,yes,no,no,no,no,2,no,furnished,Kawardha
6440000,5000,3,1,2,yes,no,no,no,yes,0,no,semi-furnished,Mungeli
6419000,6750,2,1,1,yes,yes,yes,no,no,2,yes,furnished,Bhilai
6405000,4800,3,2,4,yes,yes,no,no,yes,0,no,furnished,Durg
6300000,7200,3,2,1,yes,no,yes,no,yes,3,no,semi-furnished,Rajanandgaon
6300000,6000,4,2,4,yes,no,no,no,no,1,no,semi-furnished,Raipur
6300000,4100,3,2,3,yes,no,no,no,yes,2,no,semi-furnished,Bilaspur
6300000,9000,3,1,1,yes,no,yes,no,no,1,yes,furnished,Kawardha
6300000,6400,3,1,1,yes,yes,yes,no,yes,1,yes,semi-furnished,Mungeli
6293000,6600,3,2,3,yes,no,no,no,yes,0,yes,unfurnished,Bhilai
6265000,6000,4,1,3,yes,yes,yes,no,no,0,yes,unfurnished,Durg
6230000,6600,3,2,1,yes,no,yes,no,yes,0,yes,unfurnished,Rajanandgaon
6230000,5500,3,1,3,yes,no,no,no,no,1,yes,unfurnished,Raipur
6195000,5500,3,2,4,yes,yes,no,no,yes,1,no,semi-furnished,Bilaspur
6195000,6350,3,2,3,yes,yes,no,no,yes,0,no,furnished,Kawardha
6195000,5500,3,2,1,yes,yes,yes,no,no,2,yes,furnished,Mungeli
6160000,4500,3,1,4,yes,no,no,no,yes,0,no,unfurnished,Bhilai
6160000,5450,4,2,1,yes,no,yes,no,yes,0,yes,semi-furnished,Durg
6125000,6420,3,1,3,yes,no,yes,no,no,0,yes,unfurnished,Rajanandgaon
6107500,3240,4,1,3,yes,no,no,no,no,1,no,semi-furnished,Raipur
6090000,6615,4,2,2,yes,yes,no,yes,no,1,no,semi-furnished,Bilaspur
6090000,6600,3,1,1,yes,yes,yes,no,no,2,yes,semi-furnished,Kawardha
6090000,8372,3,1,3,yes,no,no,no,yes,2,no,unfurnished,Mungeli
6083000,4300,6,2,2,yes,no,no,no,no,0,no,furnished,Bhilai
6083000,9620,3,1,1,yes,no,yes,no,no,2,yes,furnished,Durg
6020000,6800,2,1,1,yes,yes,yes,no,no,2,no,furnished,Rajanandgaon
6020000,8000,3,1,1,yes,yes,yes,no,yes,2,yes,semi-furnished,Raipur
6020000,6900,3,2,1,yes,yes,yes,no,no,0,yes,unfurnished,Bilaspur
5950000,3700,4,1,2,yes,yes,no,no,yes,0,no,furnished,Kawardha
5950000,6420,3,1,1,yes,no,yes,no,yes,0,yes,furnished,Mungeli
5950000,7020,3,1,1,yes,no,yes,no,yes,2,yes,semi-furnished,Bhilai
5950000,6540,3,1,1,yes,yes,yes,no,no,2,yes,furnished,Durg
5950000,7231,3,1,2,yes,yes,yes,no,yes,0,yes,semi-furnished,Rajanandgaon
5950000,6254,4,2,1,yes,no,yes,no,no,1,yes,semi-furnished,Raipur
5950000,7320,4,2,2,yes,no,no,no,no,0,no,furnished,Bilaspur
5950000,6525,3,2,4,yes,no,no,no,no,1,no,furnished,Kawardha
5943000,15600,3,1,1,yes,no,no,no,yes,2,no,semi-furnished,Mungeli
5880000,7160,3,1,1,yes,no,yes,no,no,2,yes,unfurnished,Bhilai
5880000,6500,3,2,3,yes,no,no,no,yes,0,no,unfurnished,Durg
5873000,5500,3,1,3,yes,yes,no,no,yes,1,no,furnished,Rajanandgaon
5873000,11460,3,1,3,yes,no,no,no,no,2,yes,semi-furnished,Raipur
5866000,4800,3,1,1,yes,yes,yes,no,no,0,no,unfurnished,Bilaspur
5810000,5828,4,1,4,yes,yes,no,no,no,0,no,semi-furnished,Kawardha
5810000,5200,3,1,3,yes,no,no,no,yes,0,no,semi-furnished,Mungeli
5810000,4800,3,1,3,yes,no,no,no,yes,0,no,unfurnished,Bhilai
5803000,7000,3,1,1,yes,no,yes,no,no,2,yes,semi-furnished,Durg
5775000,6000,3,2,4,yes,no,no,no,yes,0,no,unfurnished,Rajanandgaon
5740000,5400,4,2,2,yes,no,no,no,yes,2,no,unfurnished,Raipur
5740000,4640,4,1,2,yes,no,no,no,no,1,no,semi-furnished,Bilaspur
5740000,5000,3,1,3,yes,no,no,no,yes,0,no,semi-furnished,Kawardha
5740000,6360,3,1,1,yes,yes,yes,no,yes,2,yes,furnished,Mungeli
5740000,5800,3,2,4,yes,no,no,no,yes,0,no,unfurnished,Bhilai
5652500,6660,4,2,2,yes,yes,yes,no,no,1,yes,semi-furnished,Durg
5600000,10500,4,2,2,yes,no,no,no,no,1,no,semi-furnished,Rajanandgaon
5600000,4800,5,2,3,no,no,yes,yes,no,0,no,unfurnished,Raipur
5600000,4700,4,1,2,yes,yes,yes,no,yes,1,no,furnished,Bilaspur
5600000,5000,3,1,4,yes,no,no,no,no,0,no,furnished,Kawardha
5600000,10500,2,1,1,yes,no,no,no,no,1,no,semi-furnished,Mungeli
5600000,5500,3,2,2,yes,no,no,no,no,1,no,semi-furnished,Bhilai
5600000,6360,3,1,3,yes,no,no,no,no,0,yes,semi-furnished,Durg
5600000,6600,4,2,1,yes,no,yes,no,no,0,yes,semi-furnished,Rajanandgaon
5600000,5136,3,1,2,yes,yes,yes,no,yes,0,yes,unfurnished,Raipur
5565000,4400,4,1,2,yes,no,no,no,yes,2,yes,semi-furnished,Bilaspur
5565000,5400,5,1,2,yes,yes,yes,no,yes,0,yes,furnished,Kawardha
5530000,3300,3,3,2,yes,no,yes,no,no,0,no,semi-furnished,Mungeli
5530000,3650,3,2,2,yes,no,no,no,no,2,no,semi-furnished,Bhilai
5530000,6100,3,2,1,yes,no,yes,no,no,2,yes,furnished,Durg
5523000,6900,3,1,1,yes,yes,yes,no,no,0,yes,semi-furnished,Rajanandgaon
5495000,2817,4,2,2,no,yes,yes,no,no,1,no,furnished,Raipur
5495000,7980,3,1,1,yes,no,no,no,no,2,no,semi-furnished,Bilaspur
5460000,3150,3,2,1,yes,yes,yes,no,yes,0,no,furnished,Kawardha
5460000,6210,4,1,4,yes,yes,no,no,yes,0,no,furnished,Mungeli
5460000,6100,3,1,3,yes,yes,no,no,yes,0,yes,semi-furnished,Bhilai
5460000,6600,4,2,2,yes,yes,yes,no,no,0,yes,semi-furnished,Durg
5425000,6825,3,1,1,yes,yes,yes,no,yes,0,yes,semi-furnished,Rajanandgaon
5390000,6710,3,2,2,yes,yes,yes,no,no,1,yes,furnished,Raipur
5383000,6450,3,2,1,yes,yes,yes,yes,no,0,no,unfurnished,Bilaspur
5320000,7800,3,1,1,yes,no,yes,no,yes,2,yes,unfurnished,Kawardha
5285000,4600,2,2,1,yes,no,no,no,yes,2,no,semi-furnished,Mungeli
5250000,4260,4,1,2,yes,no,yes,no,yes,0,no,furnished,Bhilai
5250000,6540,4,2,2,no,no,no,no,yes,0,no,semi-furnished,Durg
5250000,5500,3,2,1,yes,no,yes,no,no,0,no,semi-furnished,Rajanandgaon
5250000,10269,3,1,1,yes,no,no,no,no,1,yes,semi-furnished,Raipur
5250000,8400,3,1,2,yes,yes,yes,no,yes,2,yes,unfurnished,Bilaspur
5250000,5300,4,2,1,yes,no,no,no,yes,0,yes,unfurnished,Kawardha
5250000,3800,3,1,2,yes,yes,yes,no,no,1,yes,unfurnished,Mungeli
5250000,9800,4,2,2,yes,yes,no,no,no,2,no,semi-furnished,Bhilai
5250000,8520,3,1,1,yes,no,no,no,yes,2,no,furnished,Durg
5243000,6050,3,1,1,yes,no,yes,no,no,0,yes,semi-furnished,Rajanandgaon
5229000,7085,3,1,1,yes,yes,yes,no,no,2,yes,semi-furnished,Raipur
5215000,3180,3,2,2,yes,no,no,no,no,2,no,semi-furnished,Bilaspur
5215000,4500,4,2,1,no,no,yes,no,yes,2,no,semi-furnished,Kawardha
5215000,7200,3,1,2,yes,yes,yes,no,no,1,yes,furnished,Mungeli
5145000,3410,3,1,2,no,no,no,no,yes,0,no,semi-furnished,Bhilai
5145000,7980,3,1,1,yes,no,no,no,no,1,yes,semi-furnished,Durg
5110000,3000,3,2,2,yes,yes,yes,no,no,0,no,furnished,Rajanandgaon
5110000,3000,3,1,2,yes,no,yes,no,no,0,no,unfurnished,Raipur
5110000,11410,2,1,2,yes,no,no,no,no,0,yes,furnished,Bilaspur
5110000,6100,3,1,1,yes,no,yes,no,yes,0,yes,semi-furnished,Kawardha
5075000,5720,2,1,2,yes,no,no,no,yes,0,yes,unfurnished,Mungeli
5040000,3540,2,1,1,no,yes,yes,no,no,0,no,semi-furnished,Bhilai
5040000,7600,4,1,2,yes,no,no,no,yes,2,no,furnished,Durg
5040000,10700,3,1,2,yes,yes,yes,no,no,0,no,semi-furnished,Rajanandgaon
5040000,6600,3,1,1,yes,yes,yes,no,no,0,yes,furnished,Raipur
5033000,4800,2,1,1,yes,yes,yes,no,no,0,no,semi-furnished,Bilaspur
5005000,8150,3,2,1,yes,yes,yes,no,no,0,no,semi-furnished,Kawardha
4970000,4410,4,3,2,yes,no,yes,no,no,2,no,semi-furnished,Mungeli
4970000,7686,3,1,1,yes,yes,yes,yes,no,0,no,semi-furnished,Bhilai
4956000,2800,3,2,2,no,no,yes,no,yes,1,no,semi-furnished,Durg
4935000,5948,3,1,2,yes,no,no,no,yes,0,no,semi-furnished,Rajanandgaon
4907000,4200,3,1,2,yes,no,no,no,no,1,no,furnished,Raipur
4900000,4520,3,1,2,yes,no,yes,no,yes,0,no,semi-furnished,Bilaspur
4900000,4095,3,1,2,no,yes,yes,no,yes,0,no,semi-furnished,Kawardha
4900000,4120,2,1,1,yes,no,yes,no,no,1,no,semi-furnished,Mungeli
4900000,5400,4,1,2,yes,no,no,no,no,0,no,semi-furnished,Bhilai
4900000,4770,3,1,1,yes,yes,yes,no,no,0,no,semi-furnished,Durg
4900000,6300,3,1,1,yes,no,no,no,yes,2,no,semi-furnished,Rajanandgaon
4900000,5800,2,1,1,yes,yes,yes,no,yes,0,no,semi-furnished,Raipur
4900000,3000,3,1,2,yes,no,yes,no,yes,0,no,semi-furnished,Bilaspur
4900000,2970,3,1,3,yes,no,no,no,no,0,no,semi-furnished,Kawardha
4900000,6720,3,1,1,yes,no,no,no,no,0,no,unfurnished,Mungeli
4900000,4646,3,1,2,yes,yes,yes,no,no,2,no,semi-furnished,Bhilai
4900000,12900,3,1,1,yes,no,no,no,no,2,no,furnished,Durg
4893000,3420,4,2,2,yes,no,yes,no,yes,2,no,semi-furnished,Rajanandgaon
4893000,4995,4,2,1,yes,no,yes,no,no,0,no,semi-furnished,Raipur
4865000,4350,2,1,1,yes,no,yes,no,no,0,no,unfurnished,Bilaspur
4830000,4160,3,1,3,yes,no,no,no,no,0,no,unfurnished,Kawardha
4830000,6040,3,1,1,yes,no,no,no,no,2,yes,semi-furnished,Mungeli
4830000,6862,3,1,2,yes,no,no,no,yes,2,yes,furnished,Bhilai
4830000,4815,2,1,1,yes,no,no,no,yes,0,yes,semi-furnished,Durg
4795000,7000,3,1,2,yes,no,yes,no,no,0,no,unfurnished,Rajanandgaon
4795000,8100,4,1,4,yes,no,yes,no,yes,2,no,semi-furnished,Raipur
4767000,3420,4,2,2,yes,no,no,no,no,0,no,semi-furnished,Bilaspur
4760000,9166,2,1,1,yes,no,yes,no,yes,2,no,semi-furnished,Kawardha
4760000,6321,3,1,2,yes,no,yes,no,yes,1,no,furnished,Mungeli
4760000,10240,2,1,1,yes,no,no,no,yes,2,yes,unfurnished,Bhilai
4753000,6440,2,1,1,yes,no,no,no,yes,3,no,semi-furnished,Durg
4690000,5170,3,1,4,yes,no,no,no,yes,0,no,semi-furnished,Rajanandgaon
4690000,6000,2,1,1,yes,no,yes,no,yes,1,no,furnished,Raipur
4690000,3630,3,1,2,yes,no,no,no,no,2,no,semi-furnished,Bilaspur
4690000,9667,4,2,2,yes,yes,yes,no,no,1,no,semi-furnished,Kawardha
4690000,5400,2,1,2,yes,no,no,no,no,0,yes,semi-furnished,Mungeli
4690000,4320,3,1,1,yes,no,no,no,no,0,yes,semi-furnished,Bhilai
4655000,3745,3,1,2,yes,no,yes,no,no,0,no,furnished,Durg
4620000,4160,3,1,1,yes,yes,yes,no,yes,0,no,unfurnished,Rajanandgaon
4620000,3880,3,2,2,yes,no,yes,no,no,2,no,semi-furnished,Raipur
4620000,5680,3,1,2,yes,yes,no,no,yes,1,no,semi-furnished,Bilaspur
4620000,2870,2,1,2,yes,yes,yes,no,no,0,yes,semi-furnished,Kawardha
4620000,5010,3,1,2,yes,no,yes,no,no,0,no,semi-furnished,Mungeli
4613000,4510,4,2,2,yes,no,yes,no,no,0,no,semi-furnished,Bhilai
4585000,4000,3,1,2,yes,no,no,no,no,1,no,furnished,Durg
4585000,3840,3,1,2,yes,no,no,no,no,1,yes,semi-furnished,Rajanandgaon
4550000,3760,3,1,1,yes,no,no,no,no,2,no,semi-furnished,Raipur
4550000,3640,3,1,2,yes,no,no,no,yes,0,no,furnished,Bilaspur
4550000,2550,3,1,2,yes,no,yes,no,no,0,no,furnished,Kawardha
4550000,5320,3,1,2,yes,yes,yes,no,no,0,yes,semi-furnished,Mungeli
4550000,5360,3,1,2,yes,no,no,no,no,2,yes,unfurnished,Bhilai
4550000,3520,3,1,1,yes,no,no,no,no,0,yes,semi-furnished,Durg
4550000,8400,4,1,4,yes,no,no,no,no,3,no,unfurnished,Rajanandgaon
4543000,4100,2,2,1,yes,yes,yes,no,no,0,no,semi-furnished,Raipur
4543000,4990,4,2,2,yes,yes,yes,no,no,0,yes,furnished,Bilaspur
4515000,3510,3,1,3,yes,no,no,no,no,0,no,semi-furnished,Kawardha
4515000,3450,3,1,2,yes,no,yes,no,no,1,no,semi-furnished,Mungeli
4515000,9860,3,1,1,yes,no,no,no,no,0,no,semi-furnished,Bhilai
4515000,3520,2,1,2,yes,no,no,no,no,0,yes,furnished,Durg
4480000,4510,4,1,2,yes,no,no,no,yes,2,no,semi-furnished,Rajanandgaon
4480000,5885,2,1,1,yes,no,no,no,yes,1,no,unfurnished,Raipur
4480000,4000,3,1,2,yes,no,no,no,no,2,no,furnished,Bilaspur
4480000,8250,3,1,1,yes,no,no,no,no,0,no,furnished,Kawardha
4480000,4040,3,1,2,yes,no,no,no,no,1,no,semi-furnished,Mungeli
4473000,6360,2,1,1,yes,no,yes,no,yes,1,no,furnished,Bhilai
4473000,3162,3,1,2,yes,no,no,no,yes,1,no,furnished,Durg
4473000,3510,3,1,2,yes,no,no,no,no,0,no,semi-furnished,Rajanandgaon
4445000,3750,2,1,1,yes,yes,yes,no,no,0,no,semi-furnished,Raipur
4410000,3968,3,1,2,no,no,no,no,no,0,no,semi-furnished,Bilaspur
4410000,4900,2,1,2,yes,no,yes,no,no,0,no,semi-furnished,Kawardha
4403000,2880,3,1,2,yes,no,no,no,no,0,yes,semi-furnished,Mungeli
4403000,4880,3,1,1,yes,no,no,no,no,2,yes,unfurnished,Bhilai
4403000,4920,3,1,2,yes,no,no,no,no,1,no,semi-furnished,Durg
4382000,4950,4,1,2,yes,no,no,no,yes,0,no,semi-furnished,Rajanandgaon
4375000,3900,3,1,2,yes,no,no,no,no,0,no,unfurnished,Raipur
4340000,4500,3,2,3,yes,no,no,yes,no,1,no,furnished,Bilaspur
4340000,1905,5,1,2,no,no,yes,no,no,0,no,semi-furnished,Kawardha
4340000,4075,3,1,1,yes,yes,yes,no,no,2,no,semi-furnished,Mungeli
4340000,3500,4,1,2,yes,no,no,no,no,2,no,furnished,Bhilai
4340000,6450,4,1,2,yes,no,no,no,no,0,no,semi-furnished,Durg
4319000,4032,2,1,1,yes,no,yes,no,no,0,no,furnished,Rajanandgaon
4305000,4400,2,1,1,yes,no,no,no,no,1,no,semi-furnished,Raipur
4305000,10360,2,1,1,yes,no,no,no,no,1,yes,semi-furnished,Bilaspur
4277000,3400,3,1,2,yes,no,yes,no,no,2,yes,semi-furnished,Kawardha
4270000,6360,2,1,1,yes,no,no,no,no,0,no,furnished,Mungeli
4270000,6360,2,1,2,yes,no,no,no,no,0,no,unfurnished,Bhilai
4270000,4500,2,1,1,yes,no,no,no,yes,2,no,furnished,Durg
4270000,2175,3,1,2,no,yes,yes,no,yes,0,no,unfurnished,Rajanandgaon
4270000,4360,4,1,2,yes,no,no,no,no,0,no,furnished,Raipur
4270000,7770,2,1,1,yes,no,no,no,no,1,no,furnished,Bilaspur
4235000,6650,3,1,2,yes,yes,no,no,no,0,no,semi-furnished,Kawardha
4235000,2787,3,1,1,yes,no,yes,no,no,0,yes,furnished,Mungeli
4200000,5500,3,1,2,yes,no,no,no,yes,0,no,unfurnished,Bhilai
4200000,5040,3,1,2,yes,no,yes,no,yes,0,no,unfurnished,Durg
4200000,5850,2,1,1,yes,yes,yes,no,no,2,no,semi-furnished,Rajanandgaon
4200000,2610,4,3,2,no,no,no,no,no,0,no,semi-furnished,Raipur
4200000,2953,3,1,2,yes,no,yes,no,yes,0,no,unfurnished,Bilaspur
4200000,2747,4,2,2,no,no,no,no,no,0,no,semi-furnished,Kawardha
4200000,4410,2,1,1,no,no,no,no,no,1,no,unfurnished,Mungeli
4200000,4000,4,2,2,no,no,no,no,no,0,no,semi-furnished,Bhilai
4200000,2325,3,1,2,no,no,no,no,no,0,no,semi-furnished,Durg
4200000,4600,3,2,2,yes,no,no,no,yes,1,no,semi-furnished,Rajanandgaon
4200000,3640,3,2,2,yes,no,yes,no,no,0,no,unfurnished,Raipur
4200000,5800,3,1,1,yes,no,no,yes,no,2,no,semi-furnished,Bilaspur
4200000,7000,3,1,1,yes,no,no,no,no,3,no,furnished,Kawardha
4200000,4079,3,1,3,yes,no,no,no,no,0,no,semi-furnished,Mungeli
4200000,3520,3,1,2,yes,no,no,no,no,0,yes,semi-furnished,Bhilai
4200000,2145,3,1,3,yes,no,no,no,no,1,yes,unfurnished,Durg
4200000,4500,3,1,1,yes,no,yes,no,no,0,no,furnished,Rajanandgaon
4193000,8250,3,1,1,yes,no,yes,no,no,3,no,semi-furnished,Raipur
4193000,3450,3,1,2,yes,no,no,no,no,1,no,semi-furnished,Bilaspur
4165000,4840,3,1,2,yes,no,no,no,no,1,no,semi-furnished,Kawardha
4165000,4080,3,1,2,yes,no,no,no,no,2,no,semi-furnished,Mungeli
4165000,4046,3,1,2,yes,no,yes,no,no,1,no,semi-furnished,Bhilai
4130000,4632,4,1,2,yes,no,no,no,yes,0,no,semi-furnished,Durg
4130000,5985,3,1,1,yes,no,yes,no,no,0,no,semi-furnished,Rajanandgaon
4123000,6060,2,1,1,yes,no,yes,no,no,1,no,semi-furnished,Raipur
4098500,3600,3,1,1,yes,no,yes,no,yes,0,yes,furnished,Bilaspur
4095000,3680,3,2,2,yes,no,no,no,no,0,no,semi-furnished,Kawardha
4095000,4040,2,1,2,yes,no,no,no,no,1,no,semi-furnished,Mungeli
4095000,5600,2,1,1,yes,no,no,no,yes,0,no,semi-furnished,Bhilai
4060000,5900,4,2,2,no,no,yes,no,no,1,no,unfurnished,Durg
4060000,4992,3,2,2,yes,no,no,no,no,2,no,unfurnished,Rajanandgaon
4060000,4340,3,1,1,yes,no,no,no,no,0,no,semi-furnished,Raipur
4060000,3000,4,1,3,yes,no,yes,no,yes,2,no,semi-furnished,Bilaspur
4060000,4320,3,1,2,yes,no,no,no,no,2,yes,furnished,Kawardha
4025000,3630,3,2,2,yes,no,no,yes,no,2,no,semi-furnished,Mungeli
4025000,3460,3,2,1,yes,no,yes,no,yes,1,no,furnished,Bhilai
4025000,5400,3,1,1,yes,no,no,no,no,3,no,semi-furnished,Durg
4007500,4500,3,1,2,no,no,yes,no,yes,0,no,semi-furnished,Rajanandgaon
4007500,3460,4,1,2,yes,no,no,no,yes,0,no,semi-furnished,Raipur
3990000,4100,4,1,1,no,no,yes,no,no,0,no,unfurnished,Bilaspur
3990000,6480,3,1,2,no,no,no,no,yes,1,no,semi-furnished,Kawardha
3990000,4500,3,2,2,no,no,yes,no,yes,0,no,semi-furnished,Mungeli
3990000,3960,3,1,2,yes,no,no,no,no,0,no,furnished,Bhilai
3990000,4050,2,1,2,yes,yes,yes,no,no,0,yes,unfurnished,Durg
3920000,7260,3,2,1,yes,yes,yes,no,no,3,no,furnished,Rajanandgaon
3920000,5500,4,1,2,yes,yes,yes,no,no,0,no,semi-furnished,Raipur
3920000,3000,3,1,2,yes,no,no,no,no,0,no,semi-furnished,Bilaspur
3920000,3290,2,1,1,yes,no,no,yes,no,1,no,furnished,Kawardha
3920000,3816,2,1,1,yes,no,yes,no,yes,2,no,furnished,Mungeli
3920000,8080,3,1,1,yes,no,no,no,yes,2,no,semi-furnished,Bhilai
3920000,2145,4,2,1,yes,no,yes,no,no,0,yes,unfurnished,Durg
3885000,3780,2,1,2,yes,yes,yes,no,no,0,no,semi-furnished,Rajanandgaon
3885000,3180,4,2,2,yes,no,no,no,no,0,no,furnished,Raipur
3850000,5300,5,2,2,yes,no,no,no,no,0,no,semi-furnished,Bilaspur
3850000,3180,2,2,1,yes,no,yes,no,no,2,no,semi-furnished,Kawardha
3850000,7152,3,1,2,yes,no,no,no,yes,0,no,furnished,Mungeli
3850000,4080,2,1,1,yes,no,no,no,no,0,no,semi-furnished,Bhilai
3850000,3850,2,1,1,yes,no,no,no,no,0,no,semi-furnished,Durg
3850000,2015,3,1,2,yes,no,yes,no,no,0,yes,semi-furnished,Rajanandgaon
3850000,2176,2,1,2,yes,yes,no,no,no,0,yes,semi-furnished,Raipur
3836000,3350,3,1,2,yes,no,no,no,no,0,no,unfurnished,Bilaspur
3815000,3150,2,2,1,no,no,yes,no,no,0,no,semi-furnished,Kawardha
3780000,4820,3,1,2,yes,no,no,no,no,0,no,semi-furnished,Mungeli
3780000,3420,2,1,2,yes,no,no,yes,no,1,no,semi-furnished,Bhilai
3780000,3600,2,1,1,yes,no,no,no,no,0,no,semi-furnished,Durg
3780000,5830,2,1,1,yes,no,no,no,no,2,no,unfurnished,Rajanandgaon
3780000,2856,3,1,3,yes,no,no,no,no,0,yes,furnished,Raipur
3780000,8400,2,1,1,yes,no,no,no,no,1,no,furnished,Bilaspur
3773000,8250,3,1,1,yes,no,no,no,no,2,no,furnished,Kawardha
3773000,2520,5,2,1,no,no,yes,no,yes,1,no,furnished,Mungeli
3773000,6930,4,1,2,no,no,no,no,no,1,no,furnished,Bhilai
3745000,3480,2,1,1,yes,no,no,no,no,0,yes,semi-furnished,Durg
3710000,3600,3,1,1,yes,no,no,no,no,1,no,unfurnished,Rajanandgaon
3710000,4040,2,1,1,yes,no,no,no,no,0,no,semi-furnished,Raipur
3710000,6020,3,1,1,yes,no,no,no,no,0,no,semi-furnished,Bilaspur
3710000,4050,2,1,1,yes,no,no,no,no,0,no,furnished,Kawardha
3710000,3584,2,1,1,yes,no,no,yes,no,0,no,semi-furnished,Mungeli
3703000,3120,3,1,2,no,no,yes,yes,no,0,no,semi-furnished,Bhilai
3703000,5450,2,1,1,yes,no,no,no,no,0,no,furnished,Durg
3675000,3630,2,1,1,yes,no,yes,no,no,0,no,furnished,Rajanandgaon
3675000,3630,2,1,1,yes,no,no,no,yes,0,no,unfurnished,Raipur
3675000,5640,2,1,1,no,no,no,no,no,0,no,semi-furnished,Bilaspur
3675000,3600,2,1,1,yes,no,no,no,no,0,no,furnished,Kawardha
3640000,4280,2,1,1,yes,no,no,no,yes,2,no,semi-furnished,Mungeli
3640000,3570,3,1,2,yes,no,yes,no,no,0,no,semi-furnished,Bhilai
3640000,3180,3,1,2,no,no,yes,no,no,0,no,semi-furnished,Durg
3640000,3000,2,1,2,yes,no,no,no,yes,0,no,furnished,Rajanandgaon
3640000,3520,2,2,1,yes,no,yes,no,no,0,no,semi-furnished,Raipur
3640000,5960,3,1,2,yes,yes,yes,no,no,0,no,unfurnished,Bilaspur
3640000,4130,3,2,2,yes,no,no,no,no,2,no,semi-furnished,Kawardha
3640000,2850,3,2,2,no,no,yes,no,no,0,yes,unfurnished,Mungeli
3640000,2275,3,1,3,yes,no,no,yes,yes,0,yes,semi-furnished,Bhilai
3633000,3520,3,1,1,yes,no,no,no,no,2,yes,unfurnished,Durg
3605000,4500,2,1,1,yes,no,no,no,no,0,no,semi-furnished,Rajanandgaon
3605000,4000,2,1,1,yes,no,no,no,no,0,yes,semi-furnished,Raipur
3570000,3150,3,1,2,yes,no,yes,no,no,0,no,furnished,Bilaspur
3570000,4500,4,2,2,yes,no,yes,no,no,2,no,furnished,Kawardha
3570000,4500,2,1,1,no,no,no,no,no,0,no,furnished,Mungeli
3570000,3640,2,1,1,yes,no,no,no,no,0,no,unfurnished,Bhilai
3535000,3850,3,1,1,yes,no,no,no,no,2,no,unfurnished,Durg
3500000,4240,3,1,2,yes,no,no,no,yes,0,no,semi-furnished,Rajanandgaon
3500000,3650,3,1,2,yes,no,no,no,no,0,no,unfurnished,Raipur
3500000,4600,4,1,2,yes,no,no,no,no,0,no,semi-furnished,Bilaspur
3500000,2135,3,2,2,no,no,no,no,no,0,no,unfurnished,Kawardha
3500000,3036,3,1,2,yes,no,yes,no,no,0,no,semi-furnished,Mungeli
3500000,3990,3,1,2,yes,no,no,no,no,0,no,semi-furnished,Bhilai
3500000,7424,3,1,1,no,no,no,no,no,0,no,unfurnished,Durg
3500000,3480,3,1,1,no,no,no,no,yes,0,no,unfurnished,Rajanandgaon
3500000,3600,6,1,2,yes,no,no,no,no,1,no,unfurnished,Raipur
3500000,3640,2,1,1,yes,no,no,no,no,1,no,semi-furnished,Bilaspur
3500000,5900,2,1,1,yes,no,no,no,no,1,no,furnished,Kawardha
3500000,3120,3,1,2,yes,no,no,no,no,1,no,unfurnished,Mungeli
3500000,7350,2,1,1,yes,no,no,no,no,1,no,semi-furnished,Bhilai
3500000,3512,2,1,1,yes,no,no,no,no,1,yes,unfurnished,Durg
3500000,9500,3,1,2,yes,no,no,no,no,3,yes,unfurnished,Rajanandgaon
3500000,5880,2,1,1,yes,no,no,no,no,0,no,unfurnished,Raipur
3500000,12944,3,1,1,yes,no,no,no,no,0,no,unfurnished,Bilaspur
3493000,4900,3,1,2,no,no,no,no,no,0,no,unfurnished,Kawardha
3465000,3060,3,1,1,yes,no,no,no,no,0,no,unfurnished,Mungeli
3465000,5320,2,1,1,yes,no,no,no,no,1,yes,unfurnished,Bhilai
3465000,2145,3,1,3,yes,no,no,no,no,0,yes,furnished,Durg
3430000,4000,2,1,1,yes,no,no,no,no,0,no,unfurnished,Rajanandgaon
3430000,3185,2,1,1,yes,no,no,no,no,2,no,unfurnished,Raipur
3430000,3850,3,1,1,yes,no,no,no,no,0,no,unfurnished,Bilaspur
3430000,2145,3,1,3,yes,no,no,no,no,0,yes,furnished,Kawardha
3430000,2610,3,1,2,yes,no,yes,no,no,0,yes,unfurnished,Mungeli
3430000,1950,3,2,2,yes,no,yes,no,no,0,yes,unfurnished,Bhilai
3423000,4040,2,1,1,yes,no,no,no,no,0,no,unfurnished,Durg
3395000,4785,3,1,2,yes,yes,yes,no,yes,1,no,furnished,Rajanandgaon
3395000,3450,3,1,1,yes,no,yes,no,no,2,no,unfurnished,Raipur
3395000,3640,2,1,1,yes,no,no,no,no,0,no,furnished,Bilaspur
3360000,3500,4,1,2,yes,no,no,no,yes,2,no,unfurnished,Kawardha
3360000,4960,4,1,3,no,no,no,no,no,0,no,semi-furnished,Mungeli
3360000,4120,2,1,2,yes,no,no,no,no,0,no,unfurnished,Bhilai
3360000,4750,2,1,1,yes,no,no,no,no,0,no,unfurnished,Durg
3360000,3720,2,1,1,no,no,no,no,yes,0,no,unfurnished,Rajanandgaon
3360000,3750,3,1,1,yes,no,no,no,no,0,no,unfurnished,Raipur
3360000,3100,3,1,2,no,no,yes,no,no,0,no,semi-furnished,Bilaspur
3360000,3185,2,1,1,yes,no,yes,no,no,2,no,furnished,Kawardha
3353000,2700,3,1,1,no,no,no,no,no,0,no,furnished,Mungeli
3332000,2145,3,1,2,yes,no,yes,no,no,0,yes,furnished,Bhilai
3325000,4040,2,1,1,yes,no,no,no,no,1,no,unfurnished,Durg
3325000,4775,4,1,2,yes,no,no,no,no,0,no,unfurnished,Rajanandgaon
3290000,2500,2,1,1,no,no,no,no,yes,0,no,unfurnished,Raipur
3290000,3180,4,1,2,yes,no,yes,no,yes,0,no,unfurnished,Bilaspur
3290000,6060,3,1,1,yes,yes,yes,no,no,0,no,furnished,Kawardha
3290000,3480,4,1,2,no,no,no,no,no,1,no,semi-furnished,Mungeli
3290000,3792,4,1,2,yes,no,no,no,no,0,no,semi-furnished,Bhilai
3290000,4040,2,1,1,yes,no,no,no,no,0,no,unfurnished,Durg
3290000,2145,3,1,2,yes,no,yes,no,no,0,yes,furnished,Rajanandgaon
3290000,5880,3,1,1,yes,no,no,no,no,1,no,unfurnished,Raipur
3255000,4500,2,1,1,no,no,no,no,no,0,no,semi-furnished,Bilaspur
3255000,3930,2,1,1,no,no,no,no,no,0,no,unfurnished,Kawardha
3234000,3640,4,1,2,yes,no,yes,no,no,0,no,unfurnished,Mungeli
3220000,4370,3,1,2,yes,no,no,no,no,0,no,unfurnished,Bhilai
3220000,2684,2,1,1,yes,no,no,no,yes,1,no,unfurnished,Durg
3220000,4320,3,1,1,no,no,no,no,no,1,no,unfurnished,Rajanandgaon
3220000,3120,3,1,2,no,no,no,no,no,0,no,furnished,Raipur
3150000,3450,1,1,1,yes,no,no,no,no,0,no,furnished,Bilaspur
3150000,3986,2,2,1,no,yes,yes,no,no,1,no,unfurnished,Kawardha
3150000,3500,2,1,1,no,no,yes,no,no,0,no,semi-furnished,Mungeli
3150000,4095,2,1,1,yes,no,no,no,no,2,no,semi-furnished,Bhilai
3150000,1650,3,1,2,no,no,yes,no,no,0,no,unfurnished,Durg
3150000,3450,3,1,2,yes,no,yes,no,no,0,no,semi-furnished,Rajanandgaon
3150000,6750,2,1,1,yes,no,no,no,no,0,no,semi-furnished,Raipur
3150000,9000,3,1,2,yes,no,no,no,no,2,no,semi-furnished,Bilaspur
3150000,3069,2,1,1,yes,no,no,no,no,1,no,unfurnished,Kawardha
3143000,4500,3,1,2,yes,no,no,no,yes,0,no,unfurnished,Mungeli
3129000,5495,3,1,1,yes,no,yes,no,no,0,no,unfurnished,Bhilai
3118850,2398,3,1,1,yes,no,no,no,no,0,yes,semi-furnished,Durg
3115000,3000,3,1,1,no,no,no,no,yes,0,no,unfurnished,Rajanandgaon
3115000,3850,3,1,2,yes,no,no,no,no,0,no,unfurnished,Raipur
3115000,3500,2,1,1,yes,no,no,no,no,0,no,unfurnished,Bilaspur
3087000,8100,2,1,1,yes,no,no,no,no,1,no,unfurnished,Kawardha
3080000,4960,2,1,1,yes,no,yes,no,yes,0,no,unfurnished,Mungeli
3080000,2160,3,1,2,no,no,yes,no,no,0,no,semi-furnished,Bhilai
3080000,3090,2,1,1,yes,yes,yes,no,no,0,no,unfurnished,Durg
3080000,4500,2,1,2,yes,no,no,yes,no,1,no,semi-furnished,Rajanandgaon
3045000,3800,2,1,1,yes,no,no,no,no,0,no,unfurnished,Raipur
3010000,3090,3,1,2,no,no,no,no,no,0,no,semi-furnished,Bilaspur
3010000,3240,3,1,2,yes,no,no,no,no,2,no,semi-furnished,Kawardha
3010000,2835,2,1,1,yes,no,no,no,no,0,no,semi-furnished,Mungeli
3010000,4600,2,1,1,yes,no,no,no,no,0,no,furnished,Bhilai
3010000,5076,3,1,1,no,no,no,no,no,0,no,unfurnished,Durg
3010000,3750,3,1,2,yes,no,no,no,no,0,no,unfurnished,Rajanandgaon
3010000,3630,4,1,2,yes,no,no,no,no,3,no,semi-furnished,Raipur
3003000,8050,2,1,1,yes,no,no,no,no,0,no,unfurnished,Bilaspur
2975000,4352,4,1,2,no,no,no,no,no,1,no,unfurnished,Kawardha
2961000,3000,2,1,2,yes,no,no,no,no,0,no,semi-furnished,Mungeli
2940000,5850,3,1,2,yes,no,yes,no,no,1,no,unfurnished,Bhilai
2940000,4960,2,1,1,yes,no,no,no,no,0,no,unfurnished,Durg
2940000,3600,3,1,2,no,no,no,no,no,1,no,unfurnished,Rajanandgaon
2940000,3660,4,1,2,no,no,no,no,no,0,no,unfurnished,Raipur
2940000,3480,3,1,2,no,no,no,no,no,1,no,semi-furnished,Bilaspur
2940000,2700,2,1,1,no,no,no,no,no,0,no,furnished,Kawardha
2940000,3150,3,1,2,no,no,no,no,no,0,no,unfurnished,Mungeli
2940000,6615,3,1,2,yes,no,no,no,no,0,no,semi-furnished,Bhilai
2870000,3040,2,1,1,no,no,no,no,no,0,no,unfurnished,Durg
2870000,3630,2,1,1,yes,no,no,no,no,0,no,unfurnished,Rajanandgaon
2870000,6000,2,1,1,yes,no,no,no,no,0,no,semi-furnished,Raipur
2870000,5400,4,1,2,yes,no,no,no,no,0,no,unfurnished,Bilaspur
2852500,5200,4,1,3,yes,no,no,no,no,0,no,unfurnished,Kawardha
2835000,3300,3,1,2,no,no,no,no,no,1,no,semi-furnished,Mungeli
2835000,4350,3,1,2,no,no,no,yes,no,1,no,unfurnished,Bhilai
2835000,2640,2,1,1,no,no,no,no,no,1,no,furnished,Durg
2800000,2650,3,1,2,yes,no,yes,no,no,1,no,unfurnished,Rajanandgaon
2800000,3960,3,1,1,yes,no,no,no,no,0,no,furnished,Raipur
2730000,6800,2,1,1,yes,no,no,no,no,0,no,unfurnished,Bilaspur
2730000,4000,3,1,2,yes,no,no,no,no,1,no,unfurnished,Kawardha
2695000,4000,2,1,1,yes,no,no,no,no,0,no,unfurnished,Mungeli
2660000,3934,2,1,1,yes,no,no,no,no,0,no,unfurnished,Bhilai
2660000,2000,2,1,2,yes,no,no,no,no,0,no,semi-furnished,Durg
2660000,3630,3,3,2,no,yes,no,no,no,0,no,unfurnished,Rajanandgaon
2660000,2800,3,1,1,yes,no,no,no,no,0,no,unfurnished,Raipur
2660000,2430,3,1,1,no,no,no,no,no,0,no,unfurnished,Bilaspur
2660000,3480,2,1,1,yes,no,no,no,no,1,no,semi-furnished,Kawardha
2660000,4000,3,1,1,yes,no,no,no,no,0,no,semi-furnished,Mungeli
2653000,3185,2,1,1,yes,no,no,no,yes,0,no,unfurnished,Bhilai
2653000,4000,3,1,2,yes,no,no,no,yes,0,no,unfurnished,Durg
2604000,2910,2,1,1,no,no,no,no,no,0,no,unfurnished,Rajanandgaon
2590000,3600,2,1,1,yes,no,no,no,no,0,no,unfurnished,Raipur
2590000,4400,2,1,1,yes,no,no,no,no,0,no,unfurnished,Bilaspur
2590000,3600,2,2,2,yes,no,yes,no,no,1,no,furnished,Kawardha
2520000,2880,3,1,1,no,no,no,no,no,0,no,unfurnished,Mungeli
2520000,3180,3,1,1,no,no,no,no,no,0,no,unfurnished,Bhilai
2520000,3000,2,1,2,yes,no,no,no,no,0,no,furnished,Durg
2485000,4400,3,1,2,yes,no,no,no,no,0,no,unfurnished,Rajanandgaon
2485000,3000,3,1,2,no,no,no,no,no,0,no,semi-furnished,Raipur
2450000,3210,3,1,2,yes,no,yes,no,no,0,no,unfurnished,Bilaspur
2450000,3240,2,1,1,no,yes,no,no,no,1,no,unfurnished,Kawardha
2450000,3000,2,1,1,yes,no,no,no,no,1,no,unfurnished,Mungeli
2450000,3500,2,1,1,yes,yes,no,no,no,0,no,unfurnished,Bhilai
2450000,4840,2,1,2,yes,no,no,no,no,0,no,unfurnished,Durg
2450000,7700,2,1,1,yes,no,no,no,no,0,no,unfurnished,Rajanandgaon
2408000,3635,2,1,1,no,no,no,no,no,0,no,unfurnished,Raipur
2380000,2475,3,1,2,yes,no,no,no,no,0,no,furnished,Bilaspur
2380000,2787,4,2,2,yes,no,no,no,no,0,no,furnished,Kawardha
2380000,3264,2,1,1,yes,no,no,no,no,0,no,unfurnished,Mungeli
2345000,3640,2,1,1,yes,no,no,no,no,0,no,unfurnished,Bhilai
2310000,3180,2,1,1,yes,no,no,no,no,0,no,unfurnished,Durg
2275000,1836,2,1,1,no,no,yes,no,no,0,no,semi-furnished,Rajanandgaon
2275000,3970,1,1,1,no,no,no,no,no,0,no,unfurnished,Raipur
2275000,3970,3,1,2,yes,no,yes,no,no,0,no,unfurnished,Bilaspur
2240000,1950,3,1,1,no,no,no,yes,no,0,no,unfurnished,Kawardha
2233000,5300,3,1,1,no,no,no,no,yes,0,yes,unfurnished,Mungeli
2135000,3000,2,1,1,no,no,no,no,no,0,no,unfurnished,Bhilai
2100000,2400,3,1,2,yes,no,no,no,no,0,no,unfurnished,Durg
2100000,3000,4,1,2,yes,no,no,no,no,0,no,unfurnished,Rajanandgaon
2100000,3360,2,1,1,yes,no,no,no,no,1,no,unfurnished,Raipur
1960000,3420,5,1,2,no,no,no,no,no,0,no,unfurnished,Bilaspur
1890000,1700,3,1,2,yes,no,no,no,no,0,no,unfurnished,Kawardha
1890000,3649,2,1,1,yes,no,no,no,no,0,no,unfurnished,Mungeli
1855000,2990,2,1,1,no,no,no,no,no,1,no,unfurnished,Bhilai
1820000,3000,2,1,1,yes,no,yes,no,no,2,no,unfurnished,Durg
1767150,2400,3,1,1,no,no,no,no,no,0,no,semi-furnished,Rajanandgaon
1750000,3620,2,1,1,yes,no,no,no,no,0,no,unfurnished,Raipur
1750000,2910,3,1,1,no,no,no,no,no,0,no,furnished,Bilaspur
1750000,3850,3,1,2,yes,no,no,no,no,0,no,unfurnished,Kawardha
